Workbook
Name RowTitleRegion1..C5: 'Biweekly Expense Report CAD'!$B$3
Name RowTitleRegion1..C5: 'Biweekly Expense Report USD'!$B$3
Name RowTitleRegion1..C5: 'Biweekly Time Sheet'!$B$3
Name RowTitleRegion2..G4: 'Biweekly Expense Report CAD'!$K$4
Name RowTitleRegion2..G4: 'Biweekly Expense Report USD'!$K$4
Name RowTitleRegion2..G4: 'Biweekly Time Sheet'!$G$4
Name RowTitleRegion3..C7: 'Biweekly Expense Report CAD'!$K$3
Name RowTitleRegion3..C7: 'Biweekly Expense Report USD'!$K$3
Name RowTitleRegion3..C7: 'Biweekly Time Sheet'!$G$3
Name RowTitleRegion4..G7: 'Biweekly Expense Report CAD'!$M$6
Name RowTitleRegion4..G7: 'Biweekly Expense Report USD'!$M$6
Name RowTitleRegion4..G7: 'Biweekly Time Sheet'!$I$6
Name RowTitleRegion5..H24: 'Biweekly Expense Report CAD'!$C$24
Name RowTitleRegion5..H24: 'Biweekly Expense Report USD'!$C$24
Name RowTitleRegion5..H24: 'Biweekly Time Sheet'!$C$23
Name Title1: 'Biweekly Expense Report CAD'!$B$9
Name Title1: 'Biweekly Expense Report USD'!$B$9
Name Title1: 'Biweekly Time Sheet'!$B$8

Sheet Biweekly Time Sheet
B1: R&D Controls Corp. Biweekly Time Sheet
G3: Employee: | H3: Zachary Ebbinghaus
G4: Pay period start date: | H4: 46111
G5: Pay period end date: | H5: =IFERROR(IF($H$4="","",$H$4+13), "") -> 46124
B8: Day | C8: Date | D8: Regular Hours | E8: Overtime 1 Hours | F8: Overtime 2 Hours | G8: Drive Hours | H8: Sick/PEL | I8: Vacation | J8: Holiday | K8: Non-Billable | L8: Total | O8: Note [Please explain Non-Billable Time]
B9: =IFERROR(TEXT('Biweekly Time Sheet'!$C9,"aaaa"), "") -> Monday | C9: =H4 -> 46111 | L9: =IFERROR(SUM(D9:K9), "") -> 0 | O9: modatek milton
B10: =IFERROR(TEXT('Biweekly Time Sheet'!$C10,"aaaa"), "") -> Tuesday | C10: =IF($H$4="","",$H$4+1) -> 46112 | L10: =IFERROR(SUM(D10:K10), "") -> 0 | O10: modatek milton
B11: =IFERROR(TEXT('Biweekly Time Sheet'!$C11,"aaaa"), "") -> Wednesday | C11: =IF($H$4="","",$H$4+2) -> 46113 | L11: =IFERROR(SUM(D11:K11), "") -> 0 | O11: modatek milton
B12: =IFERROR(TEXT('Biweekly Time Sheet'!$C12,"aaaa"), "") -> Thursday | C12: =IF($H$4="","",$H$4+3) -> 46114 | D12: 5.75 | G12: 6 | L12: =IFERROR(SUM(D12:K12), "") -> 11.75
B13: =IFERROR(TEXT('Biweekly Time Sheet'!$C13,"aaaa"), "") -> Friday | C13: =IF($H$4="","",$H$4+4) -> 46115 | G13: 11 | J13: 8 | L13: =IFERROR(SUM(D13:K13), "") -> 19
B14: =IFERROR(TEXT('Biweekly Time Sheet'!$C14,"aaaa"), "") -> Saturday | C14: =IF($H$4="","",$H$4+5) -> 46116 | D14: 12 | L14: =IFERROR(SUM(D14:K14), "") -> 12 | O14: modatek milton
B15: =IFERROR(TEXT('Biweekly Time Sheet'!$C15,"aaaa"), "") -> Sunday | C15: =IF($H$4="","",$H$4+6) -> 46117 | F15: 12 | L15: =IFERROR(SUM(D15:K15), "") -> 12 | O15: modatek milton
B16: =IFERROR(TEXT('Biweekly Time Sheet'!$C16,"aaaa"), "") -> Monday | C16: =IF($H$4="","",$H$4+7) -> 46118 | D16: 8 | L16: =IFERROR(SUM(D16:K16), "") -> 8 | O16: modatek milton
B17: =IFERROR(TEXT('Biweekly Time Sheet'!$C17,"aaaa"), "") -> Tuesday | C17: =IF($H$4="","",$H$4+8) -> 46119 | D17: 8 | L17: =IFERROR(SUM(D17:K17), "") -> 8 | O17: modatek milton
B18: =IFERROR(TEXT('Biweekly Time Sheet'!$C18,"aaaa"), "") -> Wednesday | C18: =IF($H$4="","",$H$4+9) -> 46120 | G18: 11.25 | L18: =IFERROR(SUM(D18:K18), "") -> 11.25 | O18: modatek milton
B19: =IFERROR(TEXT('Biweekly Time Sheet'!$C19,"aaaa"), "") -> Thursday | C19: =IF($H$4="","",$H$4+10) -> 46121 | L19: =IFERROR(SUM(D19:K19), "") -> 0 | O19: modatek milton
B20: =IFERROR(TEXT('Biweekly Time Sheet'!$C20,"aaaa"), "") -> Friday | C20: =IF($H$4="","",$H$4+11) -> 46122 | D20: 10 | L20: =IFERROR(SUM(D20:K20), "") -> 10
B21: =IFERROR(TEXT('Biweekly Time Sheet'!$C21,"aaaa"), "") -> Saturday | C21: =IF($H$4="","",$H$4+12) -> 46123 | L21: =IFERROR(SUM(D21:K21), "") -> 0
B22: =IFERROR(TEXT('Biweekly Time Sheet'!$C22,"aaaa"), "") -> Sunday | C22: =IF($H$4="","",$H$4+13) -> 46124 | L22: =IFERROR(SUM(D22:K22), "") -> 0
C23: Total hours | D23: =IFERROR(SUM(D9:D22), "") -> 43.75 | E23: =IFERROR(SUM(E9:E22), "") -> 0 | F23: =IFERROR(SUM(F9:F22), "") -> 12 | G23: =IFERROR(SUM(G9:G22), "") -> 28.25 | H23: =IFERROR(SUM(H9:H22), "") -> 0 | I23: =IFERROR(SUM(I9:I22), "") -> 0 | J23: =IFERROR(SUM(J9:J22), "") -> 8 | K23: =IFERROR(SUM(K9:K22), "") -> 0 | L23: =IFERROR(SUM(D23:K23), "") -> 92
D27: Employee signature | L27: Date
L28: EmpTS_00x-Default_v2.1

Sheet Biweekly Expense Report CAD
B1: R&D Controls Corp. Biweekly Expense Report - Canadian Dollars
K3: Employee: | L3: ='Biweekly Time Sheet'!H3 -> Zachary Ebbinghaus
K4: Pay period start date: | L4: ='Biweekly Time Sheet'!H4 -> 46111
K5: Pay period end date: | L5: ='Biweekly Time Sheet'!H5 -> 46124
D8: Travel Expenses | I8: Transportation
B9: Day | C9: Date | D9: Per Diem - Travel | E9: Per Diem - Full | F9: Lodging | G9: Lodging - Per Receipt | H9: Luggage | I9: Car Rental | J9: Tolls | K9: Vehicle Maintenance | L9: Parking Fees | M9: Taxi | N9: Mileage | P9: Total
B10: =IFERROR(TEXT('Biweekly Expense Report CAD'!$C10,"aaaa"), "") -> Monday | C10: =L4 -> 46111 | O10: 0.48 | P10: =IFERROR(SUM(D10:M10)+(N10*O10), "") -> 0
B11: =IFERROR(TEXT('Biweekly Expense Report CAD'!$C11,"aaaa"), "") -> Tuesday | C11: =IF($L$4="","",$L$4+1) -> 46112 | O11: 0.48 | P11: =IFERROR(SUM(D11:M11)+(N11*O11), "") -> 0
B12: =IFERROR(TEXT('Biweekly Expense Report CAD'!$C12,"aaaa"), "") -> Wednesday | C12: =IF($L$4="","",$L$4+2) -> 46113 | O12: 0.48 | P12: =IFERROR(SUM(D12:M12)+(N12*O12), "") -> 0
B13: =IFERROR(TEXT('Biweekly Expense Report CAD'!$C13,"aaaa"), "") -> Thursday | C13: =IF($L$4="","",$L$4+3) -> 46114 | O13: 0.48 | P13: =IFERROR(SUM(D13:M13)+(N13*O13), "") -> 0
B14: =IFERROR(TEXT('Biweekly Expense Report CAD'!$C14,"aaaa"), "") -> Friday | C14: =IF($L$4="","",$L$4+4) -> 46115 | E14: 70 | H14: 50 | O14: 0.48 | P14: =IFERROR(SUM(D14:M14)+(N14*O14), "") -> 120
B15: =IFERROR(TEXT('Biweekly Expense Report CAD'!$C15,"aaaa"), "") -> Saturday | C15: =IF($L$4="","",$L$4+5) -> 46116 | E15: 70 | O15: 0.48 | P15: =IFERROR(SUM(D15:M15)+(N15*O15), "") -> 70
B16: =IFERROR(TEXT('Biweekly Expense Report CAD'!$C16,"aaaa"), "") -> Sunday | C16: =IF($L$4="","",$L$4+6) -> 46117 | E16: 70 | O16: 0.48 | P16: =IFERROR(SUM(D16:M16)+(N16*O16), "") -> 70
B17: =IFERROR(TEXT('Biweekly Expense Report CAD'!$C17,"aaaa"), "") -> Monday | C17: =IF($L$4="","",$L$4+7) -> 46118 | E17: 70 | O17: 0.48 | P17: =IFERROR(SUM(D17:M17)+(N17*O17), "") -> 70
B18: =IFERROR(TEXT('Biweekly Expense Report CAD'!$C18,"aaaa"), "") -> Tuesday | C18: =IF($L$4="","",$L$4+8) -> 46119 | E18: 70 | O18: 0.48 | P18: =IFERROR(SUM(D18:M18)+(N18*O18), "") -> 70
B19: =IFERROR(TEXT('Biweekly Expense Report CAD'!$C19,"aaaa"), "") -> Wednesday | C19: =IF($L$4="","",$L$4+9) -> 46120 | E19: 70 | O19: 0.48 | P19: =IFERROR(SUM(D19:M19)+(N19*O19), "") -> 70
B20: =IFERROR(TEXT('Biweekly Expense Report CAD'!$C20,"aaaa"), "") -> Thursday | C20: =IF($L$4="","",$L$4+10) -> 46121 | O20: 0.48 | P20: =IFERROR(SUM(D20:M20)+(N20*O20), "") -> 0
B21: =IFERROR(TEXT('Biweekly Expense Report CAD'!$C21,"aaaa"), "") -> Friday | C21: =IF($L$4="","",$L$4+11) -> 46122 | O21: 0.48 | P21: =IFERROR(SUM(D21:M21)+(N21*O21), "") -> 0
B22: =IFERROR(TEXT('Biweekly Expense Report CAD'!$C22,"aaaa"), "") -> Saturday | C22: =IF($L$4="","",$L$4+12) -> 46123 | O22: 0.48 | P22: =IFERROR(SUM(D22:M22)+(N22*O22), "") -> 0
B23: =IFERROR(TEXT('Biweekly Expense Report CAD'!$C23,"aaaa"), "") -> Sunday | C23: =IF($L$4="","",$L$4+13) -> 46124 | O23: 0.48 | P23: =IFERROR(SUM(D23:M23)+(N23*O23), "") -> 0
C24: Total | D24: =IFERROR(SUM(D10:D23), "") -> 0 | E24: =IFERROR(SUM(E10:E23), "") -> 420 | F24: =IFERROR(SUM(F10:F23), "") -> 0 | G24: =IFERROR(SUM(G10:G23), "") -> 0 | H24: =IFERROR(SUM(H10:H23), "") -> 50 | I24: =IFERROR(SUM(I10:I23), "") -> 0 | J24: =IFERROR(SUM(J10:J23), "") -> 0 | K24: =IFERROR(SUM(K10:K23), "") -> 0 | ... M24: =IFERROR(SUM(M10:M23), "") -> 0 | P24: =IFERROR(SUM(P10:P23),"$") -> 470
D27: ='Biweekly Time Sheet'!D26:J26 -> 0 | P27: ='Biweekly Time Sheet'!L26 -> 0
D28: Employee signature | P28: Date
P29: EmpTS_00x-Default_v2.0

Sheet Biweekly Expense Report USD
B1: R&D Controls Corp. Biweekly Expense Report - US Dollars
K3: Employee: | L3: ='Biweekly Time Sheet'!H3 -> Zachary Ebbinghaus
K4: Pay period start date: | L4: ='Biweekly Time Sheet'!H4 -> 46111
K5: Pay period end date: | L5: ='Biweekly Time Sheet'!H5 -> 46124
D8: Travel Expenses | I8: Transportation
B9: Day | C9: Date | D9: Per Diem - Travel | E9: Per Diem - Full | F9: Lodging | G9: Lodging - Per Receipt | H9: Luggage | I9: Car Rental | J9: Tolls | K9: Vehicle Maintenance | L9: Parking Fees | M9: Taxi | N9: Mileage | P9: Total
B10: =IFERROR(TEXT('Biweekly Expense Report USD'!$C10,"aaaa"), "") -> Monday | C10: =L4 -> 46111 | O10: 0.48 | P10: =IFERROR(SUM(D10:M10)+(N10*O10), "") -> 0
B11: =IFERROR(TEXT('Biweekly Expense Report USD'!$C11,"aaaa"), "") -> Tuesday | C11: =IF($L$4="","",$L$4+1) -> 46112 | O11: 0.48 | P11: =IFERROR(SUM(D11:M11)+(N11*O11), "") -> 0
B12: =IFERROR(TEXT('Biweekly Expense Report USD'!$C12,"aaaa"), "") -> Wednesday | C12: =IF($L$4="","",$L$4+2) -> 46113 | O12: 0.48 | P12: =IFERROR(SUM(D12:M12)+(N12*O12), "") -> 0
B13: =IFERROR(TEXT('Biweekly Expense Report USD'!$C13,"aaaa"), "") -> Thursday | C13: =IF($L$4="","",$L$4+3) -> 46114 | O13: 0.48 | P13: =IFERROR(SUM(D13:M13)+(N13*O13), "") -> 0
B14: =IFERROR(TEXT('Biweekly Expense Report USD'!$C14,"aaaa"), "") -> Friday | C14: =IF($L$4="","",$L$4+4) -> 46115 | O14: 0.48 | P14: =IFERROR(SUM(D14:M14)+(N14*O14), "") -> 0
B15: =IFERROR(TEXT('Biweekly Expense Report USD'!$C15,"aaaa"), "") -> Saturday | C15: =IF($L$4="","",$L$4+5) -> 46116 | O15: 0.48 | P15: =IFERROR(SUM(D15:M15)+(N15*O15), "") -> 0
B16: =IFERROR(TEXT('Biweekly Expense Report USD'!$C16,"aaaa"), "") -> Sunday | C16: =IF($L$4="","",$L$4+6) -> 46117 | O16: 0.48 | P16: =IFERROR(SUM(D16:M16)+(N16*O16), "") -> 0
B17: =IFERROR(TEXT('Biweekly Expense Report USD'!$C17,"aaaa"), "") -> Monday | C17: =IF($L$4="","",$L$4+7) -> 46118 | O17: 0.48 | P17: =IFERROR(SUM(D17:M17)+(N17*O17), "") -> 0
B18: =IFERROR(TEXT('Biweekly Expense Report USD'!$C18,"aaaa"), "") -> Tuesday | C18: =IF($L$4="","",$L$4+8) -> 46119 | O18: 0.48 | P18: =IFERROR(SUM(D18:M18)+(N18*O18), "") -> 0
B19: =IFERROR(TEXT('Biweekly Expense Report USD'!$C19,"aaaa"), "") -> Wednesday | C19: =IF($L$4="","",$L$4+9) -> 46120 | O19: 0.48 | P19: =IFERROR(SUM(D19:M19)+(N19*O19), "") -> 0
B20: =IFERROR(TEXT('Biweekly Expense Report USD'!$C20,"aaaa"), "") -> Thursday | C20: =IF($L$4="","",$L$4+10) -> 46121 | O20: 0.48 | P20: =IFERROR(SUM(D20:M20)+(N20*O20), "") -> 0
B21: =IFERROR(TEXT('Biweekly Expense Report USD'!$C21,"aaaa"), "") -> Friday | C21: =IF($L$4="","",$L$4+11) -> 46122 | O21: 0.48 | P21: =IFERROR(SUM(D21:M21)+(N21*O21), "") -> 0
B22: =IFERROR(TEXT('Biweekly Expense Report USD'!$C22,"aaaa"), "") -> Saturday | C22: =IF($L$4="","",$L$4+12) -> 46123 | O22: 0.48 | P22: =IFERROR(SUM(D22:M22)+(N22*O22), "") -> 0
B23: =IFERROR(TEXT('Biweekly Expense Report USD'!$C23,"aaaa"), "") -> Sunday | C23: =IF($L$4="","",$L$4+13) -> 46124 | O23: 0.48 | P23: =IFERROR(SUM(D23:M23)+(N23*O23), "") -> 0
C24: Total | D24: =IFERROR(SUM(D10:D23), "") -> 0 | E24: =IFERROR(SUM(E10:E23), "") -> 0 | F24: =IFERROR(SUM(F10:F23), "") -> 0 | G24: =IFERROR(SUM(G10:G23), "") -> 0 | H24: =IFERROR(SUM(H10:H23), "") -> 0 | I24: =IFERROR(SUM(I10:I23), "") -> 0 | J24: =IFERROR(SUM(J10:J23), "") -> 0 | K24: =IFERROR(SUM(K10:K23), "") -> 0 | ... M24: =IFERROR(SUM(M10:M23), "") -> 0 | P24: =IFERROR(SUM(P10:P23),"$") -> 0
D27: ='Biweekly Time Sheet'!D26:J26 -> 0 | P27: ='Biweekly Time Sheet'!L26 -> 0
D28: Employee signature | P28: Date
P29: EmpTS_00x-Default_v2.0

Sheet Accounting Use Only
A1: Accounting Use Only
A2: Total Regular Hours | C2: ='Biweekly Time Sheet'!D$23 -> 43.75
A3: Total Overtime 1 Hours | C3: ='Biweekly Time Sheet'!E$23 -> 0
A4: Total Overtime 2 Hours | C4: ='Biweekly Time Sheet'!F$23 -> 12
A5: Total Drive Hours | C5: ='Biweekly Time Sheet'!G$23 -> 28.25
A6: Total Sick/PEL Hours | C6: ='Biweekly Time Sheet'!H$23 -> 0
A7: Total Vacation Hours | C7: ='Biweekly Time Sheet'!I$23 -> 0
A8: Total Holiday Hours | C8: ='Biweekly Time Sheet'!J$23 -> 8
A9: Total Non-Billable Hours | C9: ='Biweekly Time Sheet'!K$23 -> 0
A10: Total Expenses - CAD | C10: ='Biweekly Expense Report CAD'!P24 -> 470 | D10: CAD
A11: Total Expenses - USD | C11: ='Biweekly Expense Report USD'!P24 -> 0 | D11: USD
